id,title,company_name,company_location,url,salary,salary_min,salary_max,avg_salary
0,Sr. Databricks Developer,Labcorp,"Bengaluru, Karnataka",https://in.indeed.com/viewjob?&t=Python+Developer&jk=36d0a5fc70b96d66&q=Python+Developer&xpse=SoCG67I3JVMFytwHBp0KbzkdCdPP&vjs=3,10000,10000,10000,10000.0
1,Technical Writer,ZPE Systems,"Bengaluru, Karnataka",https://in.indeed.com/viewjob?&t=Python+Developer&jk=61fadd7c6017cdc7&q=Python+Developer&xpse=SoCG67I3JVMFytwHBp0KbzkdCdPP&vjs=3,10000,10000,10000,10000.0
2,Computer Science - online tutor/expert,Chegg India,Remote in India,https://in.indeed.com/viewjob?&t=Python+Developer&jk=e0cbf6ec8c839ce0&q=Python+Developer&xpse=SoCG67I3JVMFytwHBp0KbzkdCdPP&vjs=3,10000,10000,10000,10000.0
3,Automation Testing Engineer,BOEING,"Bengaluru, Karnataka",https://in.indeed.com/viewjob?&t=Python+Developer&jk=82b6cf07e9c2da8c&q=Python+Developer&xpse=SoCG67I3JVMFytwHBp0KbzkdCdPP&vjs=3,12000,12000,12000,12000.0
4,Quality Assurance Engineer (Python Automation),NetApp,"Bengaluru, Karnataka",https://in.indeed.com/viewjob?&t=Python+Developer&jk=20426964836865d8&q=Python+Developer&xpse=SoCG67I3JVMFytwHBp0KbzkdCdPP&vjs=3,12000,12000,12000,12000.0
5,Associate Multi-Skill Software Developer - .Net & Cloud,BOEING,"Bengaluru, Karnataka",https://in.indeed.com/viewjob?&t=Python+Developer&jk=9cce6b2f8b23ffb4&q=Python+Developer&xpse=SoCG67I3JVMFytwHBp0KbzkdCdPP&vjs=3,12000,12000,12000,12000.0
6,Versatile Team - Experienced Multi-Skill Software Developer (Java & Cloud),BOEING,"Bengaluru, Karnataka",https://in.indeed.com/viewjob?&t=Python+Developer&jk=45b820ab3c811d83&q=Python+Developer&xpse=SoCG67I3JVMFytwHBp0KbzkdCdPP&vjs=3,12000,12000,12000,12000.0
7,Senior Software Engineer - Display,ARM,"Bengaluru, Karnataka",https://in.indeed.com/viewjob?&t=Python+Developer&jk=9c261241c0e4dedf&q=Python+Developer&xpse=SoCG67I3JVMFytwHBp0KbzkdCdPP&vjs=3,12000,12000,12000,12000.0
8,Python Developer Intern,Igsrs,Remote in Remote,https://in.indeed.com/viewjob?&t=Python+Developer&jk=93169148359a7702&q=Python+Developer&xpse=SoCG67I3JVMFytwHBp0KbzkdCdPP&vjs=3,7000 - 9000 ,7000 , 9000 ,8000.0
9,Freelance Software Developer,seikor,Remote in Remote,https://in.indeed.com/viewjob?&t=Python+Developer&jk=830db7299c0159d1&q=Python+Developer&xpse=SoCG67I3JVMFytwHBp0KbzkdCdPP&vjs=3,53000 - 90000 ,53000 , 90000 ,71500.0
10,Python Senior Developer,Infosys,"Indore, Madhya Pradesh",https://in.indeed.com/viewjob?&t=Python+Developer&jk=c54d3f882074facf&q=Python+Developer&xpse=SoCG67I3JVMFytwHBp0KbzkdCdPP&vjs=3,12000,12000,12000,12000.0
11,Full Stack Developer-Trainee,Wipro,Remote,https://in.indeed.com/viewjob?&t=Python+Developer&jk=83010b55d2d600fc&q=Python+Developer&xpse=SoCG67I3JVMFytwHBp0KbzkdCdPP&vjs=3,22000 - 53500 ,22000 , 53500 ,37750.0
12,Python Developer,Infiniticube Services Pvt Ltd,Remote in Remote,https://in.indeed.com/viewjob?&t=Python+Developer&jk=84c0c493e417c331&q=Python+Developer&xpse=SoCG67I3JVMFytwHBp0KbzkdCdPP&vjs=3,15000 - 30000 ,15000 , 30000 ,22500.0
13,Engineering Manager,Capital One,"Bengaluru, Karnataka",https://in.indeed.com/viewjob?&t=Python+Developer&jk=e3bd88d05cea4c1d&q=Python+Developer&xpse=SoCG67I3JVMFytwHBp0KbzkdCdPP&vjs=3,10000,10000,10000,10000.0
14,Python Developer,QuantGrade,"Remote in Noida, Uttar Pradesh",https://in.indeed.com/viewjob?&t=Python+Developer&jk=866975dcfbad1b50&q=Python+Developer&xpse=SoCG67I3JVMFytwHBp0KbzkdCdPP&vjs=3, 300000 , 300000 , 300000 ,300000.0
15,Associate Multi-Skill Software Developer - .Net & Cloud,BOEING,"Bengaluru, Karnataka",https://in.indeed.com/viewjob?&t=Python+Developer&jk=9cce6b2f8b23ffb4&q=Python+Developer&xpse=SoCG67I3JVMFytwHBp0KbzkdCdPP&vjs=3,12000,12000,12000,12000.0
16,QA Engineer - Performance Testing,Talent500 Tech (India) Private Limited,"Kochi, Kerala",https://in.indeed.com/viewjob?&t=Python+Developer&jk=a162ce120269dc8a&q=Python+Developer&xpse=SoCG67I3JVMFytwHBp0KbzkdCdPP&vjs=3,1500000 - 3300000 ,1500000 , 3300000 ,2400000.0
17,Computer Science - online tutor/expert,Chegg India,Remote in India,https://in.indeed.com/viewjob?&t=Python+Developer&jk=e0cbf6ec8c839ce0&q=Python+Developer&xpse=SoCG67I3JVMFytwHBp0KbzkdCdPP&vjs=3,10000,10000,10000,10000.0
18,"Senior Manager, Principal Software Engineer - Document Generation",Bristol Myers Squibb,"Hyderabad, Telangana",https://in.indeed.com/viewjob?&t=Python+Developer&jk=bd59d0dc3ea4fc0c&q=Python+Developer&xpse=SoCG67I3JVMFytwHBp0KbzkdCdPP&vjs=3,12000,12000,12000,12000.0
19,Python Developer Intern,Igsrs,Remote in Remote,https://in.indeed.com/viewjob?&t=Python+Developer&jk=93169148359a7702&q=Python+Developer&xpse=SoCG67I3JVMFytwHBp0KbzkdCdPP&vjs=3,7000 - 9000 ,7000 , 9000 ,8000.0
20,Freelance Software Developer,seikor,Remote in Remote,https://in.indeed.com/viewjob?&t=Python+Developer&jk=830db7299c0159d1&q=Python+Developer&xpse=SoCG67I3JVMFytwHBp0KbzkdCdPP&vjs=3,53000 - 90000 ,53000 , 90000 ,71500.0
21,Python Senior Developer,Infosys,"Indore, Madhya Pradesh",https://in.indeed.com/viewjob?&t=Python+Developer&jk=c54d3f882074facf&q=Python+Developer&xpse=SoCG67I3JVMFytwHBp0KbzkdCdPP&vjs=3,12000,12000,12000,12000.0
22,Full Stack Developer-Trainee,Wipro,Remote,https://in.indeed.com/viewjob?&t=Python+Developer&jk=83010b55d2d600fc&q=Python+Developer&xpse=SoCG67I3JVMFytwHBp0KbzkdCdPP&vjs=3,22000 - 53500 ,22000 , 53500 ,37750.0
23,Python Developer,QuantGrade,"Remote in Noida, Uttar Pradesh",https://in.indeed.com/viewjob?&t=Python+Developer&jk=866975dcfbad1b50&q=Python+Developer&xpse=SoCG67I3JVMFytwHBp0KbzkdCdPP&vjs=3, 300000 , 300000 , 300000 ,300000.0
24,Python Developer,Infiniticube Services Pvt Ltd,Remote in Remote,https://in.indeed.com/viewjob?&t=Python+Developer&jk=84c0c493e417c331&q=Python+Developer&xpse=SoCG67I3JVMFytwHBp0KbzkdCdPP&vjs=3,15000 - 30000 ,15000 , 30000 ,22500.0
25,"JavaScript, Python and Linux Developer",Infosys,"Thiruvananthapuram, Kerala",https://in.indeed.com/viewjob?&t=Python+Developer&jk=383c6f992ed693ca&q=Python+Developer&xpse=SoCG67I3JVMFytwHBp0KbzkdCdPP&vjs=3,12000,12000,12000,12000.0
26,Junior Python Developer,Wisdomleaf Technologies (P) Limited,India,https://in.indeed.com/viewjob?&t=Python+Developer&jk=298089e9a99c56f2&q=Python+Developer&xpse=SoCG67I3JVMFytwHBp0KbzkdCdPP&vjs=3,300000 - 400000 ,300000 , 400000 ,350000.0
27,Senior Python Developer,Project 42 Labs,Remote in Remote,https://in.indeed.com/viewjob?&t=Python+Developer&jk=8f1cbe6581fc86c5&q=Python+Developer&xpse=SoCG67I3JVMFytwHBp0KbzkdCdPP&vjs=3, 900000 , 900000 , 900000 ,900000.0
28,"DevOps Engineering Database Operations Specialist II, Technical Solutions",Bristol Myers Squibb,"Hyderabad, Telangana",https://in.indeed.com/viewjob?&t=Python+Developer&jk=9ff9579083feda6a&q=Python+Developer&xpse=SoCG67I3JVMFytwHBp0KbzkdCdPP&vjs=3,12000,12000,12000,12000.0
29,Junior Python Developer,Websodev,"Patna, Bihar",https://in.indeed.com/viewjob?&t=Python+Developer&jk=a5b9762a0e61d68f&q=Python+Developer&xpse=SoCG67I3JVMFytwHBp0KbzkdCdPP&vjs=3,13500 - 25000 ,13500 , 25000 ,19250.0
30,Data Engineer III,Indeed,"Hyderabad, Telangana",https://in.indeed.com/viewjob?&t=Python+Developer&jk=5d8a5ec3c615e23b&q=Python+Developer&xpse=SoCG67I3JVMFytwHBp0KbzkdCdPP&vjs=3,5360000 - 8040000 ,5360000 , 8040000 ,6700000.0
31,Computer Science - online tutor/expert,Chegg India,Remote in India,https://in.indeed.com/viewjob?&t=Python+Developer&jk=e0cbf6ec8c839ce0&q=Python+Developer&xpse=SoCG67I3JVMFytwHBp0KbzkdCdPP&vjs=3,10000,10000,10000,10000.0
32,Associate Multi-Skill Software Developer (Cloud and DevSecOps),BOEING,"Bengaluru, Karnataka",https://in.indeed.com/viewjob?&t=Python+Developer&jk=56262ddea0d3c515&q=Python+Developer&xpse=SoCG67I3JVMFytwHBp0KbzkdCdPP&vjs=3,12000,12000,12000,12000.0
33,Associate Multi-Skill Software Developer - .Net & Cloud,BOEING,"Bengaluru, Karnataka",https://in.indeed.com/viewjob?&t=Python+Developer&jk=9cce6b2f8b23ffb4&q=Python+Developer&xpse=SoCG67I3JVMFytwHBp0KbzkdCdPP&vjs=3,12000,12000,12000,12000.0
34,Experienced Multi-Skill Software Developer (Cloud and DevSecOps),BOEING,"Bengaluru, Karnataka",https://in.indeed.com/viewjob?&t=Python+Developer&jk=c3fc58a597994ce3&q=Python+Developer&xpse=SoCG67I3JVMFytwHBp0KbzkdCdPP&vjs=3,12000,12000,12000,12000.0
35,Experienced Multi-Skill Software Developer (Java & Cloud),BOEING,"Bengaluru, Karnataka",https://in.indeed.com/viewjob?&t=Python+Developer&jk=7fb78b09733903a6&q=Python+Developer&xpse=SoCG67I3JVMFytwHBp0KbzkdCdPP&vjs=3,12000,12000,12000,12000.0
36,Experienced Test Automation Engineer,BOEING,"Bengaluru, Karnataka",https://in.indeed.com/viewjob?&t=Python+Developer&jk=44f34fce59ff9bde&q=Python+Developer&xpse=SoCG67I3JVMFytwHBp0KbzkdCdPP&vjs=3,12000,12000,12000,12000.0
37,Full Stack Developer-Trainee,Wipro,Remote,https://in.indeed.com/viewjob?&t=Python+Developer&jk=83010b55d2d600fc&q=Python+Developer&xpse=SoCG67I3JVMFytwHBp0KbzkdCdPP&vjs=3,22000 - 53500 ,22000 , 53500 ,37750.0
38,Python Developer Intern,Igsrs,Remote,https://in.indeed.com/viewjob?&t=Python+Developer&jk=93169148359a7702&q=Python+Developer&xpse=SoCG67I3JVMFytwHBp0KbzkdCdPP&vjs=3,7000 - 9000 ,7000 , 9000 ,8000.0
39,Freelance Software Developer,seikor,Remote,https://in.indeed.com/viewjob?&t=Python+Developer&jk=830db7299c0159d1&q=Python+Developer&xpse=SoCG67I3JVMFytwHBp0KbzkdCdPP&vjs=3,53000 - 90000 ,53000 , 90000 ,71500.0
40,Python Developer,Infiniticube Services Pvt Ltd,Remote,https://in.indeed.com/viewjob?&t=Python+Developer&jk=84c0c493e417c331&q=Python+Developer&xpse=SoCG67I3JVMFytwHBp0KbzkdCdPP&vjs=3,15000 - 30000 ,15000 , 30000 ,22500.0
41,Senior Python Developer,Project 42 Labs,Remote,https://in.indeed.com/viewjob?&t=Python+Developer&jk=8f1cbe6581fc86c5&q=Python+Developer&xpse=SoCG67I3JVMFytwHBp0KbzkdCdPP&vjs=3, 900000 , 900000 , 900000 ,900000.0
42,Junior Python Developer,Websodev,"Patna, Bihar",https://in.indeed.com/viewjob?&t=Python+Developer&jk=a5b9762a0e61d68f&q=Python+Developer&xpse=SoCG67I3JVMFytwHBp0KbzkdCdPP&vjs=3,13500 - 25000 ,13500 , 25000 ,19250.0
43,Global IT Security Engineer Manager,Boston Consulting Group,"New Delhi, Delhi",https://in.indeed.com/viewjob?&t=Python+Developer&jk=2badaa61af5a4aa8&q=Python+Developer&xpse=SoCG67I3JVMFytwHBp0KbzkdCdPP&vjs=3,12000,12000,12000,12000.0
44,Full Stack Engineer - Manager,Boston Consulting Group,"New Delhi, Delhi",https://in.indeed.com/viewjob?&t=Python+Developer&jk=3e31a3f714293e66&q=Python+Developer&xpse=SoCG67I3JVMFytwHBp0KbzkdCdPP&vjs=3,12000,12000,12000,12000.0
45,Python Developer,QuantGrade,"Remote in Noida, Uttar Pradesh",https://in.indeed.com/viewjob?&t=Python+Developer&jk=866975dcfbad1b50&q=Python+Developer&xpse=SoCG67I3JVMFytwHBp0KbzkdCdPP&vjs=3, 300000 , 300000 , 300000 ,300000.0
46,"Software Engineering Manager, Client Ops - X Delivery",Boston Consulting Group,"Bengaluru, Karnataka",https://in.indeed.com/viewjob?&t=Python+Developer&jk=e220ca12c34e8c7d&q=Python+Developer&xpse=SoCG67I3JVMFytwHBp0KbzkdCdPP&vjs=3,12000,12000,12000,12000.0
47,Junior Software Developer,REAK INFOTECH LLP,"Jabalpur, Madhya Pradesh",https://in.indeed.com/viewjob?&t=Python+Developer&jk=4c49b900797b4851&q=Python+Developer&xpse=SoCG67I3JVMFytwHBp0KbzkdCdPP&vjs=3,350000 - 700000 ,350000 , 700000 ,525000.0
48,Python Developer,Numerator,Remote in India,https://in.indeed.com/viewjob?&t=Python+Developer&jk=bf6f5fa6c554fb7d&q=Python+Developer&xpse=SoCG67I3JVMFytwHBp0KbzkdCdPP&vjs=3,10000,10000,10000,10000.0
49,Python Developer,Epsum Labs Pvt Ltd,"Bhubaneshwar, Orissa",https://in.indeed.com/viewjob?&t=Python+Developer&jk=733218d524faafef&q=Python+Developer&xpse=SoCG67I3JVMFytwHBp0KbzkdCdPP&vjs=3,33000 - 45000 ,33000 , 45000 ,39000.0
50,Python/Django Developer,Eminanz Technology,"Patna, Bihar",https://in.indeed.com/viewjob?&t=Python+Developer&jk=53aa684f2eaa49ac&q=Python+Developer&xpse=SoCG67I3JVMFytwHBp0KbzkdCdPP&vjs=3,15000 - 20000 ,15000 , 20000 ,17500.0
51,Python Developer Intern,XPayBack,"Kochi, Kerala",https://in.indeed.com/viewjob?&t=Python+Developer&jk=85320b383a48e6c1&q=Python+Developer&xpse=SoCG67I3JVMFytwHBp0KbzkdCdPP&vjs=3,12000 - 40000 ,12000 , 40000 ,26000.0
52,Project Manager,American Health Care Academy,Remote,https://in.indeed.com/viewjob?&t=Python+Developer&jk=98a88a029991d173&q=Python+Developer&xpse=SoCG67I3JVMFytwHBp0KbzkdCdPP&vjs=3,65000 - 90000 ,65000 , 90000 ,77500.0
53,Python Senior Developer,Infosys,"Indore, Madhya Pradesh",https://in.indeed.com/viewjob?&t=Python+Developer&jk=c54d3f882074facf&q=Python+Developer&xpse=SoCG67I3JVMFytwHBp0KbzkdCdPP&vjs=3,12000,12000,12000,12000.0
54,Engineering Manager,Capital One,"Bengaluru, Karnataka",https://in.indeed.com/viewjob?&t=Python+Developer&jk=e3bd88d05cea4c1d&q=Python+Developer&xpse=SoCG67I3JVMFytwHBp0KbzkdCdPP&vjs=3,10000,10000,10000,10000.0
55,Computer Science - online tutor/expert,Chegg India,Remote in India,https://in.indeed.com/viewjob?&t=Python+Developer&jk=e0cbf6ec8c839ce0&q=Python+Developer&xpse=SoCG67I3JVMFytwHBp0KbzkdCdPP&vjs=3,10000,10000,10000,10000.0
56,Experienced Test Automation Engineer,BOEING,"Bengaluru, Karnataka",https://in.indeed.com/viewjob?&t=Python+Developer&jk=44f34fce59ff9bde&q=Python+Developer&xpse=SoCG67I3JVMFytwHBp0KbzkdCdPP&vjs=3,12000,12000,12000,12000.0
57,Python Developer Intern,Igsrs,Remote in Remote,https://in.indeed.com/viewjob?&t=Python+Developer&jk=93169148359a7702&q=Python+Developer&xpse=SoCG67I3JVMFytwHBp0KbzkdCdPP&vjs=3,7000 - 9000 ,7000 , 9000 ,8000.0
58,Freelance Software Developer,seikor,Remote in Remote,https://in.indeed.com/viewjob?&t=Python+Developer&jk=830db7299c0159d1&q=Python+Developer&xpse=SoCG67I3JVMFytwHBp0KbzkdCdPP&vjs=3,53000 - 90000 ,53000 , 90000 ,71500.0
59,Python Senior Developer,Infosys,"Indore, Madhya Pradesh",https://in.indeed.com/viewjob?&t=Python+Developer&jk=c54d3f882074facf&q=Python+Developer&xpse=SoCG67I3JVMFytwHBp0KbzkdCdPP&vjs=3,12000,12000,12000,12000.0
60,Full Stack Developer-Trainee,Wipro,Remote,https://in.indeed.com/viewjob?&t=Python+Developer&jk=83010b55d2d600fc&q=Python+Developer&xpse=SoCG67I3JVMFytwHBp0KbzkdCdPP&vjs=3,22000 - 53500 ,22000 , 53500 ,37750.0
61,Python Developer,QuantGrade,"Remote in Noida, Uttar Pradesh",https://in.indeed.com/viewjob?&t=Python+Developer&jk=866975dcfbad1b50&q=Python+Developer&xpse=SoCG67I3JVMFytwHBp0KbzkdCdPP&vjs=3, 300000 , 300000 , 300000 ,300000.0
62,Python Developer,Infiniticube Services Pvt Ltd,Remote in Remote,https://in.indeed.com/viewjob?&t=Python+Developer&jk=84c0c493e417c331&q=Python+Developer&xpse=SoCG67I3JVMFytwHBp0KbzkdCdPP&vjs=3,15000 - 30000 ,15000 , 30000 ,22500.0
63,"JavaScript, Python and Linux Developer",Infosys,"Thiruvananthapuram, Kerala",https://in.indeed.com/viewjob?&t=Python+Developer&jk=383c6f992ed693ca&q=Python+Developer&xpse=SoCG67I3JVMFytwHBp0KbzkdCdPP&vjs=3,12000,12000,12000,12000.0
64,Junior Python Developer,Wisdomleaf Technologies (P) Limited,India,https://in.indeed.com/viewjob?&t=Python+Developer&jk=298089e9a99c56f2&q=Python+Developer&xpse=SoCG67I3JVMFytwHBp0KbzkdCdPP&vjs=3,300000 - 400000 ,300000 , 400000 ,350000.0
65,Junior Python Developer,Websodev,"Patna, Bihar",https://in.indeed.com/viewjob?&t=Python+Developer&jk=a5b9762a0e61d68f&q=Python+Developer&xpse=SoCG67I3JVMFytwHBp0KbzkdCdPP&vjs=3,13500 - 25000 ,13500 , 25000 ,19250.0
66,Senior Python Developer,Project 42 Labs,Remote in Remote,https://in.indeed.com/viewjob?&t=Python+Developer&jk=8f1cbe6581fc86c5&q=Python+Developer&xpse=SoCG67I3JVMFytwHBp0KbzkdCdPP&vjs=3, 900000 , 900000 , 900000 ,900000.0
67,Python Developer,Alchimetis,Remote in Remote,https://in.indeed.com/viewjob?&t=Python+Developer&jk=5172b1ae17d6d6e8&q=Python+Developer&xpse=SoCG67I3JVMFytwHBp0KbzkdCdPP&vjs=3, 60000 , 60000 , 60000 ,60000.0
68,"Software Engineer I, AWS Developer",Bristol Myers Squibb,"Hyderabad, Telangana",https://in.indeed.com/viewjob?&t=Python+Developer&jk=e891850b097caea6&q=Python+Developer&xpse=SoCG67I3JVMFytwHBp0KbzkdCdPP&vjs=3,12000,12000,12000,12000.0
69,Software/Application Developer,Client of Wish-WAS,Remote in Remote,https://in.indeed.com/viewjob?&t=Python+Developer&jk=ecfb00aaeb490d98&q=Python+Developer&xpse=SoCG67I3JVMFytwHBp0KbzkdCdPP&vjs=3,1500000 - 5000000 ,1500000 , 5000000 ,3250000.0
70,Software Engineer,GE,"Remote in Bengaluru, Karnataka",https://in.indeed.com/viewjob?&t=Python+Developer&jk=92a9204d755554cc&q=Python+Developer&xpse=SoCG67I3JVMFytwHBp0KbzkdCdPP&vjs=3,12000,12000,12000,12000.0
71,Sr SW Engineer,Intuit,"Bengaluru, Karnataka",https://in.indeed.com/viewjob?&t=Python+Developer&jk=ec24536cebb82686&q=Python+Developer&xpse=SoCG67I3JVMFytwHBp0KbzkdCdPP&vjs=3,12000,12000,12000,12000.0
72,"Software Engineer (Ruby, Python)",NetApp,"Bengaluru, Karnataka",https://in.indeed.com/viewjob?&t=Python+Developer&jk=5592dde710da6fb8&q=Python+Developer&xpse=SoCG67I3JVMFytwHBp0KbzkdCdPP&vjs=3,12000,12000,12000,12000.0
73,Computer Science - online tutor/expert,Chegg India,Remote in India,https://in.indeed.com/viewjob?&t=Python+Developer&jk=e0cbf6ec8c839ce0&q=Python+Developer&xpse=SoCG67I3JVMFytwHBp0KbzkdCdPP&vjs=3,10000,10000,10000,10000.0
74,Senior Staff Software Engineer,Intuit,"Bengaluru, Karnataka",https://in.indeed.com/viewjob?&t=Python+Developer&jk=d8c2cd950ce973ca&q=Python+Developer&xpse=SoCG67I3JVMFytwHBp0KbzkdCdPP&vjs=3,12000,12000,12000,12000.0
75,Python Developer Intern,Igsrs,Remote in Remote,https://in.indeed.com/viewjob?&t=Python+Developer&jk=93169148359a7702&q=Python+Developer&xpse=SoCG67I3JVMFytwHBp0KbzkdCdPP&vjs=3,7000 - 9000 ,7000 , 9000 ,8000.0
76,Freelance Software Developer,seikor,Remote in Remote,https://in.indeed.com/viewjob?&t=Python+Developer&jk=830db7299c0159d1&q=Python+Developer&xpse=SoCG67I3JVMFytwHBp0KbzkdCdPP&vjs=3,53000 - 90000 ,53000 , 90000 ,71500.0
77,Python Senior Developer,Infosys,"Indore, Madhya Pradesh",https://in.indeed.com/viewjob?&t=Python+Developer&jk=c54d3f882074facf&q=Python+Developer&xpse=SoCG67I3JVMFytwHBp0KbzkdCdPP&vjs=3,12000,12000,12000,12000.0
78,Full Stack Developer-Trainee,Wipro,Remote,https://in.indeed.com/viewjob?&t=Python+Developer&jk=83010b55d2d600fc&q=Python+Developer&xpse=SoCG67I3JVMFytwHBp0KbzkdCdPP&vjs=3,22000 - 53500 ,22000 , 53500 ,37750.0
79,Python Developer,QuantGrade,"Remote in Noida, Uttar Pradesh",https://in.indeed.com/viewjob?&t=Python+Developer&jk=866975dcfbad1b50&q=Python+Developer&xpse=SoCG67I3JVMFytwHBp0KbzkdCdPP&vjs=3, 300000 , 300000 , 300000 ,300000.0
80,Python Developer,Infiniticube Services Pvt Ltd,Remote in Remote,https://in.indeed.com/viewjob?&t=Python+Developer&jk=84c0c493e417c331&q=Python+Developer&xpse=SoCG67I3JVMFytwHBp0KbzkdCdPP&vjs=3,15000 - 30000 ,15000 , 30000 ,22500.0
81,"JavaScript, Python and Linux Developer",Infosys,"Thiruvananthapuram, Kerala",https://in.indeed.com/viewjob?&t=Python+Developer&jk=383c6f992ed693ca&q=Python+Developer&xpse=SoCG67I3JVMFytwHBp0KbzkdCdPP&vjs=3,12000,12000,12000,12000.0
82,Junior Python Developer,Websodev,"Patna, Bihar",https://in.indeed.com/viewjob?&t=Python+Developer&jk=a5b9762a0e61d68f&q=Python+Developer&xpse=SoCG67I3JVMFytwHBp0KbzkdCdPP&vjs=3,13500 - 25000 ,13500 , 25000 ,19250.0
83,Senior Software Engineer - Display,ARM,"Bengaluru, Karnataka",https://in.indeed.com/viewjob?&t=Python+Developer&jk=9c261241c0e4dedf&q=Python+Developer&xpse=SoCG67I3JVMFytwHBp0KbzkdCdPP&vjs=3,12000,12000,12000,12000.0
84,Junior Python Developer,Wisdomleaf Technologies (P) Limited,India,https://in.indeed.com/viewjob?&t=Python+Developer&jk=298089e9a99c56f2&q=Python+Developer&xpse=SoCG67I3JVMFytwHBp0KbzkdCdPP&vjs=3,300000 - 400000 ,300000 , 400000 ,350000.0
85,Sales Engineer,PubNub,"Bengaluru, Karnataka",https://in.indeed.com/viewjob?&t=Python+Developer&jk=65b57e41fbe58c70&q=Python+Developer&xpse=SoCG67I3JVMFytwHBp0KbzkdCdPP&vjs=3,2500000 - 3500000 ,2500000 , 3500000 ,3000000.0
86,Associate Multi-Skill Software Developer (Cloud and DevSecOps),BOEING,"Bengaluru, Karnataka",https://in.indeed.com/viewjob?&t=Python+Developer&jk=56262ddea0d3c515&q=Python+Developer&xpse=SoCG67I3JVMFytwHBp0KbzkdCdPP&vjs=3,12000,12000,12000,12000.0
87,Engineer SR. Software,Giant Eagle GCC,Karnataka,https://in.indeed.com/viewjob?&t=Python+Developer&jk=856da56acd6d4348&q=Python+Developer&xpse=SoCG67I3JVMFytwHBp0KbzkdCdPP&vjs=3,12000,12000,12000,12000.0
88,Computer Science - online tutor/expert,Chegg India,Remote in India,https://in.indeed.com/viewjob?&t=Python+Developer&jk=e0cbf6ec8c839ce0&q=Python+Developer&xpse=SoCG67I3JVMFytwHBp0KbzkdCdPP&vjs=3,10000,10000,10000,10000.0
89,"Software Engineer (Golang, C,C++)",NetApp,"Bengaluru, Karnataka",https://in.indeed.com/viewjob?&t=Python+Developer&jk=771990f0cebbcb32&q=Python+Developer&xpse=SoCG67I3JVMFytwHBp0KbzkdCdPP&vjs=3,12000,12000,12000,12000.0
90,Software Engineer,GE,"Remote in Bengaluru, Karnataka",https://in.indeed.com/viewjob?&t=Python+Developer&jk=92a9204d755554cc&q=Python+Developer&xpse=SoCG67I3JVMFytwHBp0KbzkdCdPP&vjs=3,12000,12000,12000,12000.0
91,Python Developer Intern,Igsrs,Remote in Remote,https://in.indeed.com/viewjob?&t=Python+Developer&jk=93169148359a7702&q=Python+Developer&xpse=SoCG67I3JVMFytwHBp0KbzkdCdPP&vjs=3,7000 - 9000 ,7000 , 9000 ,8000.0
92,Freelance Software Developer,seikor,Remote in Remote,https://in.indeed.com/viewjob?&t=Python+Developer&jk=830db7299c0159d1&q=Python+Developer&xpse=SoCG67I3JVMFytwHBp0KbzkdCdPP&vjs=3,53000 - 90000 ,53000 , 90000 ,71500.0
93,Python Senior Developer,Infosys,"Indore, Madhya Pradesh",https://in.indeed.com/viewjob?&t=Python+Developer&jk=c54d3f882074facf&q=Python+Developer&xpse=SoCG67I3JVMFytwHBp0KbzkdCdPP&vjs=3,12000,12000,12000,12000.0
94,Full Stack Developer-Trainee,Wipro,Remote,https://in.indeed.com/viewjob?&t=Python+Developer&jk=83010b55d2d600fc&q=Python+Developer&xpse=SoCG67I3JVMFytwHBp0KbzkdCdPP&vjs=3,22000 - 53500 ,22000 , 53500 ,37750.0
95,Python Developer,QuantGrade,"Remote in Noida, Uttar Pradesh",https://in.indeed.com/viewjob?&t=Python+Developer&jk=866975dcfbad1b50&q=Python+Developer&xpse=SoCG67I3JVMFytwHBp0KbzkdCdPP&vjs=3, 300000 , 300000 , 300000 ,300000.0
96,Python Developer,Infiniticube Services Pvt Ltd,Remote in Remote,https://in.indeed.com/viewjob?&t=Python+Developer&jk=84c0c493e417c331&q=Python+Developer&xpse=SoCG67I3JVMFytwHBp0KbzkdCdPP&vjs=3,15000 - 30000 ,15000 , 30000 ,22500.0
97,Junior Python Developer,Wisdomleaf Technologies (P) Limited,India,https://in.indeed.com/viewjob?&t=Python+Developer&jk=298089e9a99c56f2&q=Python+Developer&xpse=SoCG67I3JVMFytwHBp0KbzkdCdPP&vjs=3,300000 - 400000 ,300000 , 400000 ,350000.0
98,"Software Engineer II, Enterprise Integration Developer - AWS Technologies",Bristol Myers Squibb,"Hyderabad, Telangana",https://in.indeed.com/viewjob?&t=Python+Developer&jk=517e8963bbf5ca54&q=Python+Developer&xpse=SoCG67I3JVMFytwHBp0KbzkdCdPP&vjs=3,12000,12000,12000,12000.0
99,"JavaScript, Python and Linux Developer",Infosys,"Thiruvananthapuram, Kerala",https://in.indeed.com/viewjob?&t=Python+Developer&jk=383c6f992ed693ca&q=Python+Developer&xpse=SoCG67I3JVMFytwHBp0KbzkdCdPP&vjs=3,12000,12000,12000,12000.0
